{"cameraMode":{"drawMode":0,"name":"Shaded","section":"Shading Mode"},"sceneLighting":false,"audioPlay":false,"sceneViewState":{"showFog":true,"showMaterialUpdate":false,"showSkybox":false,"showFlares":true,"showImageEffects":true,"showParticleSystems":true},"in2DMode":false,"pivot":{"x":-0.49779847264289858,"y":1.9998818635940552,"z":-4.886509895324707},"rotation":{"x":-0.10912664234638214,"y":-0.05335810407996178,"z":0.005865150131285191,"w":-0.9926043152809143},"size":1.2247449159622193,"orthographic":false}