{"cameraMode":{"drawMode":0,"name":"Shaded","section":"Shading Mode"},"sceneLighting":false,"audioPlay":false,"sceneViewState":{"showFog":true,"showMaterialUpdate":false,"showSkybox":false,"showFlares":true,"showImageEffects":true,"showParticleSystems":true},"in2DMode":false,"pivot":{"x":-26.836824417114259,"y":3.3877384662628176,"z":14.575958251953125},"rotation":{"x":0.006444484461098909,"y":0.9208834171295166,"z":-0.01518897246569395,"w":0.3895423412322998},"size":1.658312439918518,"orthographic":false}