{"cameraMode":{"drawMode":0,"name":"Shaded","section":"Shading Mode"},"sceneLighting":false,"audioPlay":false,"sceneViewState":{"showFog":true,"showMaterialUpdate":false,"showSkybox":false,"showFlares":true,"showImageEffects":true,"showParticleSystems":true},"in2DMode":false,"pivot":{"x":569.4404296875,"y":510.9311218261719,"z":31.0267333984375},"rotation":{"x":-0.0029997588135302068,"y":-0.010203288868069649,"z":0.0000271269182121614,"w":-0.9999544620513916},"size":500.0,"orthographic":false}